/index.html / 301
/404.html /404 301
/announcements.html /announcements 301
/staff-list.html /staff-list 301
/rules.html /rules 301
/server-info.html /server-info 301
/pictures.html /pictures 301
/forms.html /forms 301